Company,Ticker,Exchange,Country,Exposure Sleeve,Weight,Role
FANUC,6954,Tokyo,Japan,Robot platforms,6.6667%,"Industrial robots, CNC systems, and servo technology"
Yaskawa Electric,6506,Tokyo,Japan,Robot platforms,6.6667%,"Industrial robots, servo motors, motion controllers, and drives"
Estun Automation,002747,Shenzhen,China,Robot platforms,6.6667%,"Industrial robots, motion control systems, and automation"
Teradyne,TER,Nasdaq,United States,Robot platforms,6.6667%,"Collaborative and autonomous mobile robots through Universal Robots and MiR"
Nabtesco,6268,Tokyo,Japan,Motion and actuation,6.6667%,"Precision reduction gears for medium and large robot joints"
Inovance,300124,Shenzhen,China,Motion and actuation,6.6667%,"Servos, drives, controllers, robots, and integrated actuators"
Keyence,6861,Tokyo,Japan,Perception and navigation,6.6667%,"Industrial sensors, machine vision, and measurement systems"
Cognex,CGNX,Nasdaq,United States,Perception and navigation,6.6667%,"Machine vision, identification, and robotic guidance"
Ouster,OUST,NYSE,United States,Perception and navigation,6.6667%,"Lidar, cameras, sensor fusion, and perception software for autonomous machines"
Hesai,HSAI,Nasdaq,China,Perception and navigation,6.6667%,"Lidar systems for autonomous vehicles, robots, and industrial equipment"
Rockwell Automation,ROK,NYSE,United States,Control and edge compute,6.6667%,"Industrial control, servo systems, networking, and integrated robotics"
Siemens,SIE,Xetra,Germany,Control and edge compute,6.6667%,"Factory automation, motion control, industrial software, and edge systems"
NXP Semiconductors,NXPI,Nasdaq,Netherlands,Control and edge compute,6.6667%,"Edge processors, sensing, networking, motor control, and drone electronics"
Daifuku,6383,Tokyo,Japan,Deployment and autonomy,6.6667%,"Automated material handling and deployment systems"
Hexagon,HEXA B,Stockholm,Sweden,Deployment and autonomy,6.6667%,"Positioning, sensor fusion, perception, and autonomous systems"
