Date,Ticker,Company,Marketstack Symbol,MIC,Currency,Type,Close,Adjusted Close,Dividend,Split Factor,API Version
2026-09-17,002747,Estun Automation,002747.SZ,XSHE,CNY,Constituent,29.57,29.57,0,1,v2
2026-09-17,300124,Inovance,300124.SZ,XSHE,CNY,Constituent,51.59,51.59,0,1,v2
2026-09-17,6268,Nabtesco,6268.T,XJPX,JPY,Constituent,4581,4581,0,1,v2
2026-09-17,6383,Daifuku,6383.T,XJPX,JPY,Constituent,5396,5396,0,1,v2
2026-09-17,6506,Yaskawa Electric,6506.T,XJPX,JPY,Constituent,4299,4299,0,1,v2
2026-09-17,6861,Keyence,6861.T,XJPX,JPY,Constituent,76100,76100,275,1,v2
2026-09-17,6954,FANUC,6954.T,XJPX,JPY,Constituent,5794,5794,0,1,v2
2026-09-17,CGNX,Cognex,CGNX,XNAS,USD,Constituent,60.85,60.85,0,1,v2
2026-09-17,HSAI,Hesai,HSAI,XNAS,USD,Constituent,16.915,16.915,0,1,v2
2026-09-17,Nasdaq Composite,Nasdaq Composite,IXIC.INDX,INDX,USD,Benchmark,26418.2988,26418.2988,0,1,v1
2026-09-17,NXPI,NXP Semiconductors,NXPI,XNAS,USD,Constituent,227.95,227.95,0,1,v2
2026-09-17,OUST,Ouster,OUST,XNYS,USD,Constituent,34.95,34.95,0,1,v2
2026-09-17,ROK,Rockwell Automation,ROK,XNYS,USD,Constituent,410.05,410.05,0,1,v2
2026-09-17,S&P 500,S&P 500,GSPC.INDX,INDX,USD,Benchmark,7637.76,7637.76,0,1,v1
2026-09-17,TER,Teradyne,TER,XNAS,USD,Constituent,353.13,353.13,0,1,v2
2026-09-18,002747,Estun Automation,002747.SZ,XSHE,CNY,Constituent,29.79,29.79,0,1,v2
2026-09-18,300124,Inovance,300124.SZ,XSHE,CNY,Constituent,52.45,52.45,0,1,v2
2026-09-18,6268,Nabtesco,6268.T,XJPX,JPY,Constituent,4619,4619,0,1,v2
2026-09-18,6383,Daifuku,6383.T,XJPX,JPY,Constituent,5449,5449,0,1,v2
2026-09-18,6506,Yaskawa Electric,6506.T,XJPX,JPY,Constituent,4383,4383,0,1,v2
2026-09-18,6861,Keyence,6861.T,XJPX,JPY,Constituent,76580,76580,0,1,v2
2026-09-18,6954,FANUC,6954.T,XJPX,JPY,Constituent,5852,5852,0,1,v2
2026-09-18,CGNX,Cognex,CGNX,XNAS,USD,Constituent,61.56,61.56,0,1,v2
2026-09-18,HEXA B,Hexagon,HEXA-B.ST,XSTO,SEK,Constituent,95.56,95.56,0,1,v2
2026-09-18,HSAI,Hesai,HSAI,XNAS,USD,Constituent,16.52,16.52,0,1,v2
2026-09-18,Nasdaq Composite,Nasdaq Composite,IXIC.INDX,INDX,USD,Benchmark,26522.5391,26522.5391,0,1,v1
2026-09-18,NXPI,NXP Semiconductors,NXPI,XNAS,USD,Constituent,227.99,227.99,0,1,v2
2026-09-18,OUST,Ouster,OUST,XNYS,USD,Constituent,35.05,35.05,0,1,v2
2026-09-18,ROK,Rockwell Automation,ROK,XNYS,USD,Constituent,415.62,415.62,0,1,v2
2026-09-18,S&P 500,S&P 500,GSPC.INDX,INDX,USD,Benchmark,7650.5,7650.5,0,1,v1
2026-09-18,SIE,Siemens,SIE.DE,XETR,EUR,Constituent,264,264,0,1,v2
2026-09-18,TER,Teradyne,TER,XNAS,USD,Constituent,371.47,371.47,0,1,v2
2026-09-21,002747,Estun Automation,002747.SZ,XSHE,CNY,Constituent,29.78,29.78,0,1,v2
2026-09-21,300124,Inovance,300124.SZ,XSHE,CNY,Constituent,52.84,52.84,0,1,v2
2026-09-21,CGNX,Cognex,CGNX,XNAS,USD,Constituent,61.99,61.99,0,1,v2
2026-09-21,HEXA B,Hexagon,HEXA-B.ST,XSTO,SEK,Constituent,95.8,95.8,0,1,v2
2026-09-21,HSAI,Hesai,HSAI,XNAS,USD,Constituent,17.37,17.37,0,1,v2
2026-09-21,Nasdaq Composite,Nasdaq Composite,IXIC.INDX,INDX,USD,Benchmark,27122.0938,27122.0938,0,1,v1
2026-09-21,NXPI,NXP Semiconductors,NXPI,XNAS,USD,Constituent,232.41,232.41,0,1,v2
2026-09-21,OUST,Ouster,OUST,XNYS,USD,Constituent,38.12,38.12,0,1,v2
2026-09-21,ROK,Rockwell Automation,ROK,XNYS,USD,Constituent,424.89,424.89,0,1,v2
2026-09-21,S&P 500,S&P 500,GSPC.INDX,INDX,USD,Benchmark,7764.7,7764.7,0,1,v1
2026-09-21,SIE,Siemens,SIE.DE,XETR,EUR,Constituent,273.5,273.5,0,1,v2
2026-09-21,TER,Teradyne,TER,XNAS,USD,Constituent,381.54,381.54,0,1,v2
2026-09-22,002747,Estun Automation,002747.SZ,XSHE,CNY,Constituent,29.68,29.68,0,1,v2
2026-09-22,300124,Inovance,300124.SZ,XSHE,CNY,Constituent,54.05,54.05,0,1,v2
2026-09-22,CGNX,Cognex,CGNX,XNAS,USD,Constituent,58.97,58.97,0,1,v2
2026-09-22,HEXA B,Hexagon,HEXA-B.ST,XSTO,SEK,Constituent,98.82,98.82,0,1,v2
2026-09-22,HSAI,Hesai,HSAI,XNAS,USD,Constituent,17.1,17.1,0,1,v2
2026-09-22,Nasdaq Composite,Nasdaq Composite,IXIC.INDX,INDX,USD,Benchmark,27244.2773,27244.2773,0,1,v1
2026-09-22,NXPI,NXP Semiconductors,NXPI,XNAS,USD,Constituent,237.57,237.57,0,1,v2
2026-09-22,OUST,Ouster,OUST,XNYS,USD,Constituent,40.25,40.25,0,1,v2
2026-09-22,ROK,Rockwell Automation,ROK,XNYS,USD,Constituent,427.19,427.19,0,1,v2
2026-09-22,S&P 500,S&P 500,GSPC.INDX,INDX,USD,Benchmark,7764.64,7764.64,0,1,v1
2026-09-22,SIE,Siemens,SIE.DE,XETR,EUR,Constituent,273.85,273.85,0,1,v2
2026-09-22,TER,Teradyne,TER,XNAS,USD,Constituent,398.69,398.69,0,1,v2
2026-09-23,002747,Estun Automation,002747.SZ,XSHE,CNY,Constituent,29.47,29.47,0,1,v2
2026-09-23,300124,Inovance,300124.SZ,XSHE,CNY,Constituent,52.72,52.72,0,1,v2
2026-09-23,CGNX,Cognex,CGNX,XNAS,USD,Constituent,58.19,58.19,0,1,v2
2026-09-23,HEXA B,Hexagon,HEXA-B.ST,XSTO,SEK,Constituent,98.8,98.8,0,1,v2
2026-09-23,HSAI,Hesai,HSAI,XNAS,USD,Constituent,16.31,16.31,0,1,v2
2026-09-23,Nasdaq Composite,Nasdaq Composite,IXIC.INDX,INDX,USD,Benchmark,26936.0371,26936.0371,0,1,v1
2026-09-23,NXPI,NXP Semiconductors,NXPI,XNAS,USD,Constituent,235.44,235.44,0,1,v2
2026-09-23,OUST,Ouster,OUST,XNYS,USD,Constituent,39.38,39.38,0,1,v2
2026-09-23,ROK,Rockwell Automation,ROK,XNYS,USD,Constituent,432.89,432.89,0,1,v2
2026-09-23,S&P 500,S&P 500,GSPC.INDX,INDX,USD,Benchmark,7706.03,7706.03,0,1,v1
2026-09-23,SIE,Siemens,SIE.DE,XETR,EUR,Constituent,273.95,273.95,0,1,v2
2026-09-23,TER,Teradyne,TER,XNAS,USD,Constituent,389.14,389.14,0,1,v2
2026-09-24,002747,Estun Automation,002747.SZ,XSHE,CNY,Constituent,29.35,29.35,0,1,v2
2026-09-24,300124,Inovance,300124.SZ,XSHE,CNY,Constituent,51.88,51.88,0,1,v2
2026-09-24,6268,Nabtesco,6268.T,XJPX,JPY,Constituent,4759,4759,0,1,v2
2026-09-24,6383,Daifuku,6383.T,XJPX,JPY,Constituent,5521,5521,0,1,v2
2026-09-24,6506,Yaskawa Electric,6506.T,XJPX,JPY,Constituent,4507,4507,0,1,v2
2026-09-24,6861,Keyence,6861.T,XJPX,JPY,Constituent,77270,77270,0,1,v2
2026-09-24,6954,FANUC,6954.T,XJPX,JPY,Constituent,6021,6021,0,1,v2
2026-09-24,CGNX,Cognex,CGNX,XNAS,USD,Constituent,57.7,57.7,0,1,v2
2026-09-24,HEXA B,Hexagon,HEXA-B.ST,XSTO,SEK,Constituent,97.48,97.48,0,1,v2
2026-09-24,HSAI,Hesai,HSAI,XNAS,USD,Constituent,16.37,16.37,0,1,v2
2026-09-24,Nasdaq Composite,Nasdaq Composite,IXIC.INDX,INDX,USD,Benchmark,26939.373,26939.373,0,1,v1
2026-09-24,NXPI,NXP Semiconductors,NXPI,XNAS,USD,Constituent,230.16,230.16,0,1,v2
2026-09-24,OUST,Ouster,OUST,XNYS,USD,Constituent,41.37,41.37,0,1,v2
2026-09-24,ROK,Rockwell Automation,ROK,XNYS,USD,Constituent,432.93,432.93,0,1,v2
2026-09-24,S&P 500,S&P 500,GSPC.INDX,INDX,USD,Benchmark,7704.13,7704.13,0,1,v1
2026-09-24,SIE,Siemens,SIE.DE,XETR,EUR,Constituent,274.8,274.8,0,1,v2
2026-09-24,TER,Teradyne,TER,XNAS,USD,Constituent,387.7,387.7,0,1,v2
2026-09-25,6268,Nabtesco,6268.T,XJPX,JPY,Constituent,4792,4792,0,1,v2
2026-09-25,6383,Daifuku,6383.T,XJPX,JPY,Constituent,5549,5549,0,1,v2
2026-09-25,6506,Yaskawa Electric,6506.T,XJPX,JPY,Constituent,4480,4480,0,1,v2
2026-09-25,6861,Keyence,6861.T,XJPX,JPY,Constituent,79600,79600,0,1,v2
2026-09-25,6954,FANUC,6954.T,XJPX,JPY,Constituent,5985,5985,0,1,v2
2026-09-25,CGNX,Cognex,CGNX,XNAS,USD,Constituent,58.66,58.66,0,1,v2
2026-09-25,HEXA B,Hexagon,HEXA-B.ST,XSTO,SEK,Constituent,98.4,98.4,0,1,v2
2026-09-25,HSAI,Hesai,HSAI,XNAS,USD,Constituent,16.25,16.25,0,1,v2
2026-09-25,Nasdaq Composite,Nasdaq Composite,IXIC.INDX,INDX,USD,Benchmark,27068.7207,27068.7207,0,1,v1
2026-09-25,NXPI,NXP Semiconductors,NXPI,XNAS,USD,Constituent,238.08,238.08,0,1,v2
2026-09-25,OUST,Ouster,OUST,XNYS,USD,Constituent,43.72,43.72,0,1,v2
2026-09-25,ROK,Rockwell Automation,ROK,XNYS,USD,Constituent,434.15,434.15,0,1,v2
2026-09-25,S&P 500,S&P 500,GSPC.INDX,INDX,USD,Benchmark,7743.41,7743.41,0,1,v1
2026-09-25,SIE,Siemens,SIE.DE,XETR,EUR,Constituent,278.3,278.3,0,1,v2
2026-09-25,TER,Teradyne,TER,XNAS,USD,Constituent,398.38,398.38,0,1,v2
2026-09-28,002747,Estun Automation,002747.SZ,XSHE,CNY,Constituent,28.45,28.45,0,1,v2
2026-09-28,300124,Inovance,300124.SZ,XSHE,CNY,Constituent,52.29,52.29,0,1,v2
2026-09-28,6268,Nabtesco,6268.T,XJPX,JPY,Constituent,4782,4782,0,1,v2
2026-09-28,6383,Daifuku,6383.T,XJPX,JPY,Constituent,5510,5510,0,1,v2
2026-09-28,6506,Yaskawa Electric,6506.T,XJPX,JPY,Constituent,4453,4453,0,1,v2
2026-09-28,6861,Keyence,6861.T,XJPX,JPY,Constituent,78500,78500,0,1,v2
2026-09-28,6954,FANUC,6954.T,XJPX,JPY,Constituent,5943,5943,0,1,v2
2026-09-28,CGNX,Cognex,CGNX,XNAS,USD,Constituent,58.75,58.75,0,1,v2
2026-09-28,HEXA B,Hexagon,HEXA-B.ST,XSTO,SEK,Constituent,97.28,97.28,0,1,v2
2026-09-28,HSAI,Hesai,HSAI,XNAS,USD,Constituent,15.59,15.59,0,1,v2
2026-09-28,Nasdaq Composite,Nasdaq Composite,IXIC.INDX,INDX,USD,Benchmark,26820.3809,26820.3809,0,1,v1
2026-09-28,NXPI,NXP Semiconductors,NXPI,XNAS,USD,Constituent,236.32,236.32,0,1,v2
2026-09-28,OUST,Ouster,OUST,XNYS,USD,Constituent,40.9,40.9,0,1,v2
2026-09-28,ROK,Rockwell Automation,ROK,XNYS,USD,Constituent,431.22,431.22,0,1,v2
2026-09-28,S&P 500,S&P 500,GSPC.INDX,INDX,USD,Benchmark,7683.69,7683.69,0,1,v1
2026-09-28,SIE,Siemens,SIE.DE,XETR,EUR,Constituent,278.45,278.45,0,1,v2
2026-09-28,TER,Teradyne,TER,XNAS,USD,Constituent,401.3,401.3,0,1,v2
2026-09-29,002747,Estun Automation,002747.SZ,XSHE,CNY,Constituent,28.16,28.16,0,1,v2
2026-09-29,300124,Inovance,300124.SZ,XSHE,CNY,Constituent,52.49,52.49,0,1,v2
2026-09-29,6268,Nabtesco,6268.T,XJPX,JPY,Constituent,4794,4794,0,1,v2
2026-09-29,6383,Daifuku,6383.T,XJPX,JPY,Constituent,5490,5490,0,1,v2
2026-09-29,6506,Yaskawa Electric,6506.T,XJPX,JPY,Constituent,4528,4528,0,1,v2
2026-09-29,6861,Keyence,6861.T,XJPX,JPY,Constituent,79480,79480,0,1,v2
2026-09-29,6954,FANUC,6954.T,XJPX,JPY,Constituent,5911,5911,0,1,v2
2026-09-29,CGNX,Cognex,CGNX,XNAS,USD,Constituent,59.67,59.67,0,1,v2
2026-09-29,HEXA B,Hexagon,HEXA-B.ST,XSTO,SEK,Constituent,98.32,98.32,0,1,v2
2026-09-29,HSAI,Hesai,HSAI,XNAS,USD,Constituent,15.52,15.52,0,1,v2
2026-09-29,Nasdaq Composite,Nasdaq Composite,IXIC.INDX,INDX,USD,Benchmark,26797.541,26797.541,0,1,v1
2026-09-29,NXPI,NXP Semiconductors,NXPI,XNAS,USD,Constituent,236.47,236.47,0,1,v2
2026-09-29,OUST,Ouster,OUST,XNYS,USD,Constituent,40,40,0,1,v2
2026-09-29,ROK,Rockwell Automation,ROK,XNYS,USD,Constituent,431.53,431.53,0,1,v2
2026-09-29,S&P 500,S&P 500,GSPC.INDX,INDX,USD,Benchmark,7670.84,7670.84,0,1,v1
2026-09-29,SIE,Siemens,SIE.DE,XETR,EUR,Constituent,282,282,0,1,v2
2026-09-29,TER,Teradyne,TER,XNAS,USD,Constituent,403.02,403.02,0,1,v2
2026-09-30,002747,Estun Automation,002747.SZ,XSHE,CNY,Constituent,28.22,28.22,0,1,v2
2026-09-30,300124,Inovance,300124.SZ,XSHE,CNY,Constituent,51.9,51.9,0,1,v2
2026-09-30,6268,Nabtesco,6268.T,XJPX,JPY,Constituent,4919,4919,0,1,v2
2026-09-30,6383,Daifuku,6383.T,XJPX,JPY,Constituent,5729,5729,0,1,v2
2026-09-30,6506,Yaskawa Electric,6506.T,XJPX,JPY,Constituent,4633,4633,0,1,v2
2026-09-30,6861,Keyence,6861.T,XJPX,JPY,Constituent,80480,80480,0,1,v2
2026-09-30,6954,FANUC,6954.T,XJPX,JPY,Constituent,5943,5943,0,1,v2
2026-09-30,CGNX,Cognex,CGNX,XNAS,USD,Constituent,60.65,60.65,0,1,v2
2026-09-30,HEXA B,Hexagon,HEXA-B.ST,XSTO,SEK,Constituent,98.56,98.56,0,1,v2
2026-09-30,HSAI,Hesai,HSAI,XNAS,USD,Constituent,15.95,15.95,0,1,v2
2026-09-30,Nasdaq Composite,Nasdaq Composite,IXIC.INDX,INDX,USD,Benchmark,26861.0645,26861.0645,0,1,v1
2026-09-30,NXPI,NXP Semiconductors,NXPI,XNAS,USD,Constituent,237.53,237.53,0,1,v2
2026-09-30,OUST,Ouster,OUST,XNYS,USD,Constituent,40.34,40.34,0,1,v2
2026-09-30,ROK,Rockwell Automation,ROK,XNYS,USD,Constituent,435.33,435.33,0,1,v2
2026-09-30,S&P 500,S&P 500,GSPC.INDX,INDX,USD,Benchmark,7651.54,7651.54,0,1,v1
2026-09-30,SIE,Siemens,SIE.DE,XETR,EUR,Constituent,275.5,275.5,0,1,v2
2026-09-30,TER,Teradyne,TER,XNAS,USD,Constituent,400.91,400.91,0,1,v2
2026-10-01,6268,Nabtesco,6268.T,XJPX,JPY,Constituent,4975,4975,0,1,v2
2026-10-01,6383,Daifuku,6383.T,XJPX,JPY,Constituent,5832,5832,0,1,v2
2026-10-01,6506,Yaskawa Electric,6506.T,XJPX,JPY,Constituent,4779,4779,0,1,v2
2026-10-01,6861,Keyence,6861.T,XJPX,JPY,Constituent,81200,81200,0,1,v2
2026-10-01,6954,FANUC,6954.T,XJPX,JPY,Constituent,6127,6127,0,1,v2
2026-10-01,CGNX,Cognex,CGNX,XNAS,USD,Constituent,62.22,62.22,0,1,v2
2026-10-01,HEXA B,Hexagon,HEXA-B.ST,XSTO,SEK,Constituent,99.02,99.02,0,1,v2
2026-10-01,HSAI,Hesai,HSAI,XNAS,USD,Constituent,15.93,15.93,0,1,v2
2026-10-01,Nasdaq Composite,Nasdaq Composite,IXIC.INDX,INDX,USD,Benchmark,26871.5957,26871.5957,0,1,v1
2026-10-01,NXPI,NXP Semiconductors,NXPI,XNAS,USD,Constituent,239.19,239.19,0,1,v2
2026-10-01,OUST,Ouster,OUST,XNYS,USD,Constituent,40.87,40.87,0,1,v2
2026-10-01,ROK,Rockwell Automation,ROK,XNYS,USD,Constituent,442.45,442.45,0,1,v2
2026-10-01,S&P 500,S&P 500,GSPC.INDX,INDX,USD,Benchmark,7666.45,7666.45,0,1,v1
2026-10-01,SIE,Siemens,SIE.DE,XETR,EUR,Constituent,271.9,271.9,0,1,v2
2026-10-01,TER,Teradyne,TER,XNAS,USD,Constituent,415.79,415.79,0,1,v2
2026-10-02,6268,Nabtesco,6268.T,XJPX,JPY,Constituent,4926,4926,0,1,v2
2026-10-02,6383,Daifuku,6383.T,XJPX,JPY,Constituent,5851,5851,0,1,v2
2026-10-02,6506,Yaskawa Electric,6506.T,XJPX,JPY,Constituent,4806,4806,0,1,v2
2026-10-02,6861,Keyence,6861.T,XJPX,JPY,Constituent,80270,80270,0,1,v2
2026-10-02,6954,FANUC,6954.T,XJPX,JPY,Constituent,6075,6075,0,1,v2
2026-10-02,CGNX,Cognex,CGNX,XNAS,USD,Constituent,64.97,64.97,0,1,v2
2026-10-02,HEXA B,Hexagon,HEXA-B.ST,XSTO,SEK,Constituent,101.15,101.15,0,1,v2
2026-10-02,HSAI,Hesai,HSAI,XNAS,USD,Constituent,15.38,15.38,0,1,v2
2026-10-02,Nasdaq Composite,Nasdaq Composite,IXIC.INDX,INDX,USD,Benchmark,27190.8594,27190.8594,0,1,v1
2026-10-02,NXPI,NXP Semiconductors,NXPI,XNAS,USD,Constituent,243.66,243.66,0,1,v2
2026-10-02,OUST,Ouster,OUST,XNYS,USD,Constituent,44.39,44.39,0,1,v2
2026-10-02,ROK,Rockwell Automation,ROK,XNYS,USD,Constituent,454.35,454.35,0,1,v2
2026-10-02,S&P 500,S&P 500,GSPC.INDX,INDX,USD,Benchmark,7722.72,7722.72,0,1,v1
2026-10-02,SIE,Siemens,SIE.DE,XETR,EUR,Constituent,276.1,276.1,0,1,v2
2026-10-02,TER,Teradyne,TER,XNAS,USD,Constituent,449.04,449.04,0,1,v2
2026-10-05,6268,Nabtesco,6268.T,XJPX,JPY,Constituent,4979,4979,0,1,v2
2026-10-05,6383,Daifuku,6383.T,XJPX,JPY,Constituent,5874,5874,0,1,v2
2026-10-05,6506,Yaskawa Electric,6506.T,XJPX,JPY,Constituent,4931,4931,0,1,v2
2026-10-05,6861,Keyence,6861.T,XJPX,JPY,Constituent,81680,81680,0,1,v2
2026-10-05,6954,FANUC,6954.T,XJPX,JPY,Constituent,6186,6186,0,1,v2
2026-10-05,CGNX,Cognex,CGNX,XNAS,USD,Constituent,64.37,64.37,0,1,v2
2026-10-05,HEXA B,Hexagon,HEXA-B.ST,XSTO,SEK,Constituent,102.15,102.15,0,1,v2
2026-10-05,HSAI,Hesai,HSAI,XNAS,USD,Constituent,15.91,15.91,0,1,v2
2026-10-05,Nasdaq Composite,Nasdaq Composite,IXIC.INDX,INDX,USD,Benchmark,27477.3105,27477.3105,0,1,v1
2026-10-05,NXPI,NXP Semiconductors,NXPI,XNAS,USD,Constituent,241.97,241.97,0,1,v2
2026-10-05,OUST,Ouster,OUST,XNYS,USD,Constituent,44.12,44.12,0,1,v2
2026-10-05,ROK,Rockwell Automation,ROK,XNYS,USD,Constituent,455.18,455.18,0,1,v2
2026-10-05,S&P 500,S&P 500,GSPC.INDX,INDX,USD,Benchmark,7773.95,7773.95,0,1,v1
2026-10-05,SIE,Siemens,SIE.DE,XETR,EUR,Constituent,275,275,0,1,v2
2026-10-05,TER,Teradyne,TER,XNAS,USD,Constituent,444.53,444.53,0,1,v2
2026-10-06,6268,Nabtesco,6268.T,XJPX,JPY,Constituent,4987,4987,0,1,v2
2026-10-06,6383,Daifuku,6383.T,XJPX,JPY,Constituent,5899,5899,0,1,v2
2026-10-06,6506,Yaskawa Electric,6506.T,XJPX,JPY,Constituent,4936,4936,0,1,v2
2026-10-06,6861,Keyence,6861.T,XJPX,JPY,Constituent,81490,81490,0,1,v2
2026-10-06,6954,FANUC,6954.T,XJPX,JPY,Constituent,6220,6220,0,1,v2
2026-10-06,CGNX,Cognex,CGNX,XNAS,USD,Constituent,66.35,66.35,0,1,v2
2026-10-06,HEXA B,Hexagon,HEXA-B.ST,XSTO,SEK,Constituent,103.45,103.45,0,1,v2
2026-10-06,HSAI,Hesai,HSAI,XNAS,USD,Constituent,16.27,16.27,0,1,v2
2026-10-06,Nasdaq Composite,Nasdaq Composite,IXIC.INDX,INDX,USD,Benchmark,27599.791,27599.791,0,1,v1
2026-10-06,NXPI,NXP Semiconductors,NXPI,XNAS,USD,Constituent,244.38,244.38,0,1,v2
2026-10-06,OUST,Ouster,OUST,XNYS,USD,Constituent,44.91,44.91,0,1,v2
2026-10-06,ROK,Rockwell Automation,ROK,XNYS,USD,Constituent,450.74,450.74,0,1,v2
2026-10-06,S&P 500,S&P 500,GSPC.INDX,INDX,USD,Benchmark,7818.93,7818.93,0,1,v1
2026-10-06,SIE,Siemens,SIE.DE,XETR,EUR,Constituent,279,279,0,1,v2
2026-10-06,TER,Teradyne,TER,XNAS,USD,Constituent,430.32,430.32,0,1,v2
2026-10-07,6268,Nabtesco,6268.T,XJPX,JPY,Constituent,5010,5010,0,1,v2
2026-10-07,6383,Daifuku,6383.T,XJPX,JPY,Constituent,5875,5875,0,1,v2
2026-10-07,6506,Yaskawa Electric,6506.T,XJPX,JPY,Constituent,4946,4946,0,1,v2
2026-10-07,6861,Keyence,6861.T,XJPX,JPY,Constituent,81560,81560,0,1,v2
2026-10-07,6954,FANUC,6954.T,XJPX,JPY,Constituent,6164,6164,0,1,v2
2026-10-07,CGNX,Cognex,CGNX,XNAS,USD,Constituent,61.21,61.21,0,1,v2
2026-10-07,HEXA B,Hexagon,HEXA-B.ST,XSTO,SEK,Constituent,101.05,101.05,0,1,v2
2026-10-07,HSAI,Hesai,HSAI,XNAS,USD,Constituent,16,16,0,1,v2
2026-10-07,Nasdaq Composite,Nasdaq Composite,IXIC.INDX,INDX,USD,Benchmark,27538.6914,27538.6914,0,1,v1
2026-10-07,NXPI,NXP Semiconductors,NXPI,XNAS,USD,Constituent,235.22,235.22,0,1,v2
2026-10-07,OUST,Ouster,OUST,XNYS,USD,Constituent,41.67,41.67,0,1,v2
2026-10-07,ROK,Rockwell Automation,ROK,XNYS,USD,Constituent,441.9,441.9,0,1,v2
2026-10-07,S&P 500,S&P 500,GSPC.INDX,INDX,USD,Benchmark,7801.77,7801.77,0,1,v1
2026-10-07,SIE,Siemens,SIE.DE,XETR,EUR,Constituent,271.2,271.2,0,1,v2
2026-10-07,TER,Teradyne,TER,XNAS,USD,Constituent,411.78,411.78,0,1,v2
2026-10-08,002747,Estun Automation,002747.SZ,XSHE,CNY,Constituent,26.86,26.86,0,1,v2
2026-10-08,300124,Inovance,300124.SZ,XSHE,CNY,Constituent,49.85,49.85,0,1,v2
2026-10-08,6268,Nabtesco,6268.T,XJPX,JPY,Constituent,4795,4795,0,1,v2
2026-10-08,6383,Daifuku,6383.T,XJPX,JPY,Constituent,5716,5716,0,1,v2
2026-10-08,6506,Yaskawa Electric,6506.T,XJPX,JPY,Constituent,4789,4789,0,1,v2
2026-10-08,6861,Keyence,6861.T,XJPX,JPY,Constituent,80000,80000,0,1,v2
2026-10-08,6954,FANUC,6954.T,XJPX,JPY,Constituent,6019,6019,0,1,v2
2026-10-08,CGNX,Cognex,CGNX,XNAS,USD,Constituent,60.91,60.91,0,1,v2
2026-10-08,HEXA B,Hexagon,HEXA-B.ST,XSTO,SEK,Constituent,101.25,101.25,0,1,v2
2026-10-08,HSAI,Hesai,HSAI,XNAS,USD,Constituent,15.61,15.61,0,1,v2
2026-10-08,Nasdaq Composite,Nasdaq Composite,IXIC.INDX,INDX,USD,Benchmark,27193.3398,27193.3398,0,1,v1
2026-10-08,NXPI,NXP Semiconductors,NXPI,XNAS,USD,Constituent,231.07,231.07,0,1,v2
2026-10-08,OUST,Ouster,OUST,XNYS,USD,Constituent,39.53,39.53,0,1,v2
2026-10-08,ROK,Rockwell Automation,ROK,XNYS,USD,Constituent,434.14,434.14,0,1,v2
2026-10-08,S&P 500,S&P 500,GSPC.INDX,INDX,USD,Benchmark,7765.36,7765.36,0,1,v1
2026-10-08,SIE,Siemens,SIE.DE,XETR,EUR,Constituent,264.25,264.25,0,1,v2
2026-10-08,TER,Teradyne,TER,XNAS,USD,Constituent,398.72,398.72,0,1,v2
